episode_name,date,episode_number,episode_link,announcment_check
Notes in Books,"Thursday, 07 Jul 2022 01:00:54 GMT",Ep. 54 ,https://www.webtoons.com/en/comedy/vibe-check/ep-54-notes-in-books/viewer?title_no=2724&episode_no=54,
Shane,"Sunday, 03 Jul 2022 01:00:55 GMT",Ep. 53 ,https://www.webtoons.com/en/comedy/vibe-check/ep-53-shane-/viewer?title_no=2724&episode_no=53,
Absent,"Thursday, 30 Jun 2022 01:00:55 GMT",Ep. 52 ,https://www.webtoons.com/en/comedy/vibe-check/ep-52-absent/viewer?title_no=2724&episode_no=52,
Tripping on Memory Lane,"Sunday, 26 Jun 2022 01:01:14 GMT",Ep. 51,https://www.webtoons.com/en/comedy/vibe-check/ep-51-tripping-on-memory-lane/viewer?title_no=2724&episode_no=51,
Good Vibes,"Thursday, 23 Jun 2022 01:00:55 GMT",Ep. 50 ,https://www.webtoons.com/en/comedy/vibe-check/ep-50-good-vibes/viewer?title_no=2724&episode_no=50,
Passing Notes,"Sunday, 19 Jun 2022 01:00:58 GMT",Ep. 49 ,https://www.webtoons.com/en/comedy/vibe-check/ep-49-passing-notes/viewer?title_no=2724&episode_no=49,
The Bite,"Thursday, 16 Jun 2022 01:00:54 GMT",Ep. 48 ,https://www.webtoons.com/en/comedy/vibe-check/ep-48-the-bite/viewer?title_no=2724&episode_no=48,
Red Jasper,"Sunday, 12 Jun 2022 01:01:00 GMT",Ep. 47 ,https://www.webtoons.com/en/comedy/vibe-check/ep-47-red-jasper/viewer?title_no=2724&episode_no=47,
The Daydreamers,"Thursday, 09 Jun 2022 01:00:55 GMT",Ep. 46 ,https://www.webtoons.com/en/comedy/vibe-check/ep-46-the-daydreamers/viewer?title_no=2724&episode_no=46,
Self-Referential,"Sunday, 05 Jun 2022 01:00:57 GMT",Ep. 45 ,https://www.webtoons.com/en/comedy/vibe-check/ep-45-self-referential/viewer?title_no=2724&episode_no=45,
Throck On,"Thursday, 02 Jun 2022 01:00:52 GMT",Ep. 44 ,https://www.webtoons.com/en/comedy/vibe-check/ep-44-throck-on/viewer?title_no=2724&episode_no=44,
Rock On,"Sunday, 29 May 2022 01:00:58 GMT",Ep. 43 ,https://www.webtoons.com/en/comedy/vibe-check/ep-43-rock-on/viewer?title_no=2724&episode_no=43,
Vibes Over Violence,"Thursday, 26 May 2022 01:00:52 GMT",Ep. 42 ,https://www.webtoons.com/en/comedy/vibe-check/ep-42-vibes-over-violence/viewer?title_no=2724&episode_no=42,
Zanzibeard The Sandwich Wizard (Part 3),"Sunday, 22 May 2022 01:00:55 GMT",Ep. 41 ,https://www.webtoons.com/en/comedy/vibe-check/ep-41-zanzibeard-the-sandwich-wizard-part-3/viewer?title_no=2724&episode_no=41,
Zanzibeard The Sandwich Wizard (Part 2),"Thursday, 19 May 2022 01:01:02 GMT",Ep. 40 ,https://www.webtoons.com/en/comedy/vibe-check/ep-40-zanzibeard-the-sandwich-wizard-part-2/viewer?title_no=2724&episode_no=40,
Zanzibeard The Sandwich Wizard,"Sunday, 15 May 2022 01:01:04 GMT",Ep. 39 ,https://www.webtoons.com/en/comedy/vibe-check/ep-39-zanzibeard-the-sandwich-wizard/viewer?title_no=2724&episode_no=39,
Episodic Folklore,"Thursday, 12 May 2022 01:01:01 GMT",Ep. 38 ,https://www.webtoons.com/en/comedy/vibe-check/ep-38-episodic-folklore/viewer?title_no=2724&episode_no=38,
Catch & Release,"Sunday, 08 May 2022 01:01:02 GMT",Ep. 37 ,https://www.webtoons.com/en/comedy/vibe-check/ep-37-catch-release/viewer?title_no=2724&episode_no=37,
Artisan of The Accursed,"Thursday, 05 May 2022 01:01:01 GMT",Ep. 36 ,https://www.webtoons.com/en/comedy/vibe-check/ep-36-artisan-of-the-accursed/viewer?title_no=2724&episode_no=36,
L'Artiste,"Sunday, 01 May 2022 01:01:04 GMT",Ep. 35 ,https://www.webtoons.com/en/comedy/vibe-check/ep-35-lartiste/viewer?title_no=2724&episode_no=35,
Familiar Poison (3),"Saturday, 02 Jul 2022 01:01:26 GMT",Ep. 22 ,https://www.webtoons.com/en/supernatural/eros-conquers-all/ep-22-familiar-poison-3/viewer?title_no=3312&episode_no=22,
Familiar Poison (2),"Saturday, 25 Jun 2022 01:01:27 GMT",Ep. 21 ,https://www.webtoons.com/en/supernatural/eros-conquers-all/ep-21-familiar-poison-2/viewer?title_no=3312&episode_no=21,
Familiar Poison,"Saturday, 18 Jun 2022 01:01:26 GMT",Ep. 20 ,https://www.webtoons.com/en/supernatural/eros-conquers-all/ep-20-familiar-poison/viewer?title_no=3312&episode_no=20,
Muse (2),"Saturday, 11 Jun 2022 01:01:23 GMT",Ep. 19 ,https://www.webtoons.com/en/supernatural/eros-conquers-all/ep-19-muse-2/viewer?title_no=3312&episode_no=19,
Muse,"Saturday, 04 Jun 2022 01:08:26 GMT",Ep. 18 ,https://www.webtoons.com/en/supernatural/eros-conquers-all/ep-18-muse/viewer?title_no=3312&episode_no=18,
Creatures of Habit (3),"Saturday, 28 May 2022 01:01:28 GMT",Ep. 17 ,https://www.webtoons.com/en/supernatural/eros-conquers-all/ep-17-creatures-of-habit-3/viewer?title_no=3312&episode_no=17,
Creatures of Habit (2),"Saturday, 21 May 2022 01:01:28 GMT",Ep. 16 ,https://www.webtoons.com/en/supernatural/eros-conquers-all/ep-16-creatures-of-habit-2/viewer?title_no=3312&episode_no=16,
Creatures of Habit,"Saturday, 07 May 2022 01:01:33 GMT",Ep. 15 ,https://www.webtoons.com/en/supernatural/eros-conquers-all/ep-15-creatures-of-habit/viewer?title_no=3312&episode_no=15,
High Hopes (2),"Saturday, 30 Apr 2022 01:01:34 GMT",Ep. 14 ,https://www.webtoons.com/en/supernatural/eros-conquers-all/ep-14-high-hopes-2/viewer?title_no=3312&episode_no=14,
High Hopes,"Saturday, 23 Apr 2022 01:01:29 GMT",Ep. 13 ,https://www.webtoons.com/en/supernatural/eros-conquers-all/ep-13-high-hopes/viewer?title_no=3312&episode_no=13,
Portals and Portents (2),"Saturday, 16 Apr 2022 01:01:27 GMT",Ep. 12 ,https://www.webtoons.com/en/supernatural/eros-conquers-all/ep-12-portals-and-portents-2/viewer?title_no=3312&episode_no=12,
Portals and Portents,"Saturday, 09 Apr 2022 01:01:30 GMT",Ep. 11 ,https://www.webtoons.com/en/supernatural/eros-conquers-all/ep-11-portals-and-portents/viewer?title_no=3312&episode_no=11,
Old Gods (3),"Saturday, 02 Apr 2022 01:01:26 GMT",Ep. 10 ,https://www.webtoons.com/en/supernatural/eros-conquers-all/ep-10-old-gods-3/viewer?title_no=3312&episode_no=10,
Old Gods (2),"Saturday, 26 Mar 2022 01:01:29 GMT",Ep. 9 ,https://www.webtoons.com/en/supernatural/eros-conquers-all/ep-9-old-gods-2/viewer?title_no=3312&episode_no=9,
Old Gods,"Saturday, 19 Mar 2022 01:01:25 GMT",Ep. 8 ,https://www.webtoons.com/en/supernatural/eros-conquers-all/ep-8-old-gods/viewer?title_no=3312&episode_no=8,
Modest Pleasures (Part 3),"Saturday, 12 Mar 2022 02:01:23 GMT",Ep. 7 ,https://www.webtoons.com/en/supernatural/eros-conquers-all/ep-7-modest-pleasures-part-3/viewer?title_no=3312&episode_no=7,
Modest Pleasures (Part 2),"Saturday, 05 Mar 2022 02:01:27 GMT",Ep. 6 ,https://www.webtoons.com/en/supernatural/eros-conquers-all/ep-6-modest-pleasures-part-2/viewer?title_no=3312&episode_no=6,
Modest Pleasures,"Saturday, 26 Feb 2022 02:01:20 GMT",Ep. 5 ,https://www.webtoons.com/en/supernatural/eros-conquers-all/ep-5-modest-pleasures/viewer?title_no=3312&episode_no=5,
Myths,"Saturday, 19 Feb 2022 02:01:21 GMT",Ep. 4 ,https://www.webtoons.com/en/supernatural/eros-conquers-all/ep-4-myths/viewer?title_no=3312&episode_no=4,
King of Hearts (Part 2),"Saturday, 12 Feb 2022 01:00:37 GMT",Ep. 3 ,https://www.webtoons.com/en/supernatural/eros-conquers-all/ep-3-king-of-hearts-part-2/viewer?title_no=3312&episode_no=3,
